,id,author_id,parent_id,parent_author_id,parent_author_name,type,author,body,created_utc,score,stickied,subreddit_id,title,full_link,media_only,num_comments,over_18,pinned,retrieved_on,subreddit,updated_utc,date,time,url,distinguished,edited,is_submitter,link_id,relevance
0,9lwmrm,1wn42ucw,,,,submission,ratherbetweeting,,1538838588.0,1,False,t5_2qn7a,Ed Rendell is back -- this time to open a safe-injection site in Philly. Calls arguments against nonsense.,https://www.reddit.com/r/Pennsylvania/comments/9lwmrm/ed_rendell_is_back_this_time_to_open_a/,False,13,False,False,1538838590,Pennsylvania,,06-10-2018,08:09:48,http://www2.philly.com/philly/opinion/commentary/opioids-safe-injection-sites-needle-exchange-ed-rendell-safehouse-20181005.html#loaded,,,,,1
1,e7hrx13,91vaw,e7g91qi,,,comment,,"Not many people are genuinely altruistic, and that's my point.  We have the right to be cynical.",1539142059.0,1,False,2qn7a,,,,0,,,,,,09-10-2018,20:27:39,,,False,False,9lwmrm,1
2,fjguoqs,,fd5qv0,10zbow,,comment,thewholeplandamnit,"*Let's set up a safe-injection site to help people with drug addiction*

Builds safe-injection site miles away from where the addicts are.

Never change, PA....",1583335863.0,1,False,2qn7a,,,,0,,,,,,04-03-2020,07:31:03,,,,False,fd5qv0,1
3,fiv6fwr,,fiv56fu,,,comment,tdpdcpa,"I'm not sure if you live in or around Philadelphia, but Kensington looks worse than that and they didn't even get the safe injection site.

Am I necessarily happy about the situation? No. Do we currently have a more effective solution? Also no.",1582754662.0,3,False,2qn7a,,,,0,,,,,,26-02-2020,14:04:22,,,,False,f9zcin,1
4,e8x9mhu,,e8vh0bi,75xsy,avielectron,comment,saintofhate,"Considering the plans that are proposed are ""jail them all"", ""move them to xyz"", and ""safe injection site"" and everyone hates all of them, nothing is going to get done.",1541179273.0,2,False,2qn7a,,,,0,,,,,,02-11-2018,10:21:13,,,,False,9tdgrf,1
